email,password
maragomez@gmail.com,Ana2024!
luceritorojas@gmail.com,Juan123#
mariafernandez@gmail.com,Maria456$
carlostorres@gmail.com,Carlos789@
lauramoreno@gmail.com,Lau2025*
davidmartinez@gmail.com,David_321
sararamirez@gmail.com,Sara#654
luisperez@gmail.com,Luis!987
camilarojas@gmail.com,Camila_001
andresmendoza@gmail.com,Andres+2023
valentinasilva@gmail.com,Valen2024$
sebastiangarcia@gmail.com,Sebas*2022
isabellanavarro@gmail.com,Isa321#
danielcastro@gmail.com,Dan789!
paulaortiz@gmail.com,Paula+654
pepeelpollo@gmail.com,123456